{"Radiation and Energy Cycle": {"children": {"Surface Downwelling Shortwave Radiation": {"children": {"CERESed4.1": {"children": {}, "Spatial Distribution Score global": [0.6919912492086514, 0.7221153636660751, -1.4141066128747373], "Spatial Distribution Score bona": [-0.902150912970151, -0.43013892306198453, 1.3322898360321411], "Seasonal Cycle Score global": [0.004859106045135286, 0.05108928851101924, -0.05594839455614897], "Seasonal Cycle Score bona": [-0.03191300091790472, 0.028312999580876186, 0.0036000013370229844], "Bias Score global": [0.696798812179842, 0.7173649025208391, -1.4141637147006807], "Bias Score bona": [0.6489185772604873, 0.763740375983136, -1.4126589532436207], "RMSE Score global": [0.6521116400362479, 0.7607113154331328, -1.412822955469378], "RMSE Score bona": [0.6480416719714615, 0.7645706822346356, -1.4126123542060989], "Overall Score global": [0.6820728264787025, 0.7318487131998731, -1.4139215396785791], "Overall Score bona": [0.6205385421013048, 0.7902755659846651, -1.4108141080859675]}, "FLUXNET2015": {"children": {}, "Bias Score global": [0.672602249311318, 0.7410589176078464, -1.4136611669191606], "Bias Score bona": [0.5098893718684184, 0.8874254910844839, -1.3973148629529037], "Seasonal Cycle Score global": [-0.0794470581430673, 0.1419893804661454, -0.0625423223230781], "Seasonal Cycle Score bona": [0.0, 0.0, 0.0], "RMSE Score global": [0.6580839491034652, 0.7550217398808097, -1.4131056889842823], "RMSE Score bona": [0.6383615291903327, 0.7736920178170068, -1.4120535470073465], "Overall Score global": [0.6560276186238252, 0.7569842656642924, -1.4130118842881134], "Overall Score bona": [0.5826086701836188, 0.8246819341203853, -1.4072906043040068]}}, "Spatial Distribution Score global": [0.5391446784961867, 0.562614998421046, -1.101759676917241], "Spatial Distribution Score bona": [-0.4510754564850755, -0.21506946153099227, 0.6661449180160706], "Seasonal Cycle Score global": [-0.03729397604897433, 0.09653933448857677, -0.05924535843961909], "Seasonal Cycle Score bona": [-0.01595650045894681, 0.01415649979044642, 0.0018000006685170433], "Bias Score global": [0.6873018478918832, 0.7267285075704267, -1.4140303554623086], "Bias Score bona": [0.5977132065549532, 0.8111227623110683, -1.4088359688660204], "RMSE Score global": [0.6551288459150401, 0.7578408683680385, -1.4129697142830786], "RMSE Score bona": [0.6438531139203154, 0.768527419955575, -1.4123805338758886], "Overall Score global": [0.6700306841365362, 0.7435458113841655, -1.4135764955207017], "Overall Score bona": [0.6024610455600738, 0.806822055592035, -1.409283101152109]}}, "Spatial Distribution Score global": [0.5391446784961867, 0.562614998421046, -1.101759676917241], "Spatial Distribution Score bona": [-0.4510754564850755, -0.21506946153099227, 0.6661449180160706], "Seasonal Cycle Score global": [-0.03729397604897433, 0.09653933448857677, -0.05924535843961909], "Seasonal Cycle Score bona": [-0.01595650045894681, 0.01415649979044642, 0.0018000006685170433], "Bias Score global": [0.6873018478918832, 0.7267285075704267, -1.4140303554623086], "Bias Score bona": [0.5977132065549532, 0.8111227623110683, -1.4088359688660204], "RMSE Score global": [0.6551288459150401, 0.7578408683680385, -1.4129697142830786], "RMSE Score bona": [0.6438531139203154, 0.768527419955575, -1.4123805338758886], "Overall Score global": [0.6700306841365362, 0.7435458113841655, -1.4135764955207017], "Overall Score bona": [0.6024610455600738, 0.806822055592035, -1.409283101152109]}}