Variables,JSBACH,JULES,LPX-Bern
Surface Downwelling Shortwave Radiation,0.8392513168540098,0.8434824798512641,0.719329309922253
